<netconf-server xmlns="urn:ietf:params:xml:ns:yang:ietf-netconf-server">
    <call-home>
        <netconf-client>
            <name>default-client</name>
            <endpoints>
                <endpoint>
                    <name>default-tls</name>
                    <tls>
                        <tcp-client-parameters>
                            <remote-address>localhost</remote-address>
                            <keepalives>
                                <idle-time>1</idle-time>
                                <max-probes>10</max-probes>
                                <probe-interval>5</probe-interval>
                            </keepalives>
                        </tcp-client-parameters>
                        <tls-server-parameters>
                            <server-identity>
                                <keystore-reference>
                                    <asymmetric-key>serverkey</asymmetric-key>
                                    <certificate>servercert</certificate>
                                </keystore-reference>
                            </server-identity>
                            <client-authentication>
                                <required/>
                                <ca-certs>cacerts</ca-certs>
                                <client-certs>clientcerts</client-certs>
                                <cert-maps>
                                    <cert-to-name>
                                        <id>1</id>
                                        <fingerprint>02:20:E1:AD:CC:92:71:E9:EA:6A:85:DF:A7:FF:8C:BB:B9:D5:E4:EE:74</fingerprint>
                                        <map-type xmlns:x509c2n="urn:ietf:params:xml:ns:yang:ietf-x509-cert-to-name">x509c2n:specified</map-type>
                                        <name>tls-test</name>
                                    </cert-to-name>
                                </cert-maps>
                            </client-authentication>
                        </tls-server-parameters>
                    </tls>
                </endpoint>
            </endpoints>
            <connection-type>
                <persistent/>
            </connection-type>
        </netconf-client>
    </call-home>
</netconf-server>
